product_id,product_name,channel,group_name,caption_variant,date_posted,renew_on,status,enquiries,sold,notes
FAV-001,3-Seater Fabric Sofa,Marketplace,,,,,To post,,,
FAV-001,3-Seater Fabric Sofa,Group,Example: Accra Buy and Sell,1,,,To post,,,
FAV-001,3-Seater Fabric Sofa,Group,Example: Weija / Kasoa Buy and Sell,2,,,To post,,,
FAV-001,3-Seater Fabric Sofa,Group,Example: Tema Market Place,3,,,To post,,,
FAV-002,Double Bed Frame with Headboard,Marketplace,,,,,To post,,,
FAV-002,Double Bed Frame with Headboard,Group,Example: Accra Buy and Sell,1,,,To post,,,
FAV-002,Double Bed Frame with Headboard,Group,Example: Weija / Kasoa Buy and Sell,2,,,To post,,,
FAV-002,Double Bed Frame with Headboard,Group,Example: Tema Market Place,3,,,To post,,,
FAV-003,3-Door Wardrobe,Marketplace,,,,,To post,,,
FAV-003,3-Door Wardrobe,Group,Example: Accra Buy and Sell,1,,,To post,,,
FAV-003,3-Door Wardrobe,Group,Example: Weija / Kasoa Buy and Sell,2,,,To post,,,
FAV-003,3-Door Wardrobe,Group,Example: Tema Market Place,3,,,To post,,,
FAV-004,Executive Office Desk,Marketplace,,,,,To post,,,
FAV-004,Executive Office Desk,Group,Example: Accra Buy and Sell,1,,,To post,,,
FAV-004,Executive Office Desk,Group,Example: Weija / Kasoa Buy and Sell,2,,,To post,,,
FAV-004,Executive Office Desk,Group,Example: Tema Market Place,3,,,To post,,,
FAV-005,School Desk and Chair Set,Marketplace,,,,,To post,,,
FAV-005,School Desk and Chair Set,Group,Example: Accra Buy and Sell,1,,,To post,,,
FAV-005,School Desk and Chair Set,Group,Example: Weija / Kasoa Buy and Sell,2,,,To post,,,
FAV-005,School Desk and Chair Set,Group,Example: Tema Market Place,3,,,To post,,,
FAV-006,6-Seater Dining Set,Marketplace,,,,,To post,,,
FAV-006,6-Seater Dining Set,Group,Example: Accra Buy and Sell,1,,,To post,,,
FAV-006,6-Seater Dining Set,Group,Example: Weija / Kasoa Buy and Sell,2,,,To post,,,
FAV-006,6-Seater Dining Set,Group,Example: Tema Market Place,3,,,To post,,,
